id,path,name,type,category_raw,ext,bucket,well,tags,event_key,record_id
1a8bbf0ada5ac2ddead07e663d7e1294da095873,dbfs:/Volumes/equinor_asa_volve_data_village/public/volve/Well_logs/01.MUD_LOG/15_9-F-15 D/MUD_LOG_1.DLIS,MUD_LOG_1.DLIS,file,well_data,dlis,Well_Logs_Wireline,15/9-F-15D,DLIS,mud log 1,15/9-F-15D|Well_Logs_Wireline|mud log 1
a41c8422a2eaddd28ea2d70d4887cdee37c84180,dbfs:/Volumes/equinor_asa_volve_data_village/public/volve/Well_logs/01.MUD_LOG/15_9-F-15 D/MUD_LOG_1_INF_1.ASC,MUD_LOG_1_INF_1.ASC,file,well_data,asc,Well_Logs_Wireline,15/9-F-15D,,mud log 1 inf 1,15/9-F-15D|Well_Logs_Wireline|mud log 1 inf 1
a66f4e531de4ece4525f7975e8b29ea0ca0cca22,dbfs:/Volumes/equinor_asa_volve_data_village/public/volve/Well_logs/01.MUD_LOG/15_9-F-15 D/MUD_LOG_MD_PLOT_1.pdf,MUD_LOG_MD_PLOT_1.pdf,file,well_data,pdf,Well_Logs_Wireline,15/9-F-15D,,mud log md plot 1,15/9-F-15D|Well_Logs_Wireline|mud log md plot 1
0c7812376f0929265601912a14c764be2b17b2c0,dbfs:/Volumes/equinor_asa_volve_data_village/public/volve/Well_logs/01.MUD_LOG/15_9-F-15 D/MUD_LOG_MD_PLOT_2.pdf,MUD_LOG_MD_PLOT_2.pdf,file,well_data,pdf,Well_Logs_Wireline,15/9-F-15D,,mud log md plot 2,15/9-F-15D|Well_Logs_Wireline|mud log md plot 2
37d6b017a069cc61e0dd9e5c1411b32c81b057ec,dbfs:/Volumes/equinor_asa_volve_data_village/public/volve/Well_logs/01.MUD_LOG/15_9-F-15 D/MUD_LOG_MD_PLOT_3.pdf,MUD_LOG_MD_PLOT_3.pdf,file,well_data,pdf,Well_Logs_Wireline,15/9-F-15D,,mud log md plot 3,15/9-F-15D|Well_Logs_Wireline|mud log md plot 3
d909f63257665f6f22d5fe9f3e2d2c6b2bdc8263,dbfs:/Volumes/equinor_asa_volve_data_village/public/volve/Well_logs/01.MUD_LOG/15_9-F-15 D/MUD_LOG_REPORT_1.PDF,MUD_LOG_REPORT_1.PDF,file,well_data,pdf,Well_Logs_Wireline,15/9-F-15D,,mud log report 1,15/9-F-15D|Well_Logs_Wireline|mud log report 1
e5dddf38a4aeb243c81ebd74ae8d90032968b219,dbfs:/Volumes/equinor_asa_volve_data_village/public/volve/Well_logs/01.MUD_LOG/15_9-F-15 D/MUD_LOG_TVD_PLOT_1.PDF,MUD_LOG_TVD_PLOT_1.PDF,file,well_data,pdf,Well_Logs_Wireline,15/9-F-15D,,mud log tvd plot 1,15/9-F-15D|Well_Logs_Wireline|mud log tvd plot 1
fdc7e951baeaaed5c20e70989e3825725be027d2,dbfs:/Volumes/equinor_asa_volve_data_village/public/volve/Well_logs/01.MUD_LOG/15_9-F-15 D/MUD_LOG_TVD_PLOT_4.pdf,MUD_LOG_TVD_PLOT_4.pdf,file,well_data,pdf,Well_Logs_Wireline,15/9-F-15D,,mud log tvd plot 4,15/9-F-15D|Well_Logs_Wireline|mud log tvd plot 4
546a98af700fd42bee02059869a5f8f9fec02ce3,dbfs:/Volumes/equinor_asa_volve_data_village/public/volve/Well_logs/02.LWD_EWL/15_9-F-15 D/LOGGING_SUMMARY.ASC,LOGGING_SUMMARY.ASC,file,well_data,asc,Drilling_LWD_MWD,15/9-F-15D,,logging summary,15/9-F-15D|Drilling_LWD_MWD|logging summary
ee648e91712ce0edd32f085f70d6575de634de09,dbfs:/Volumes/equinor_asa_volve_data_village/public/volve/Well_logs/02.LWD_EWL/15_9-F-15 D/MWD_REPORT_1.PDF,MWD_REPORT_1.PDF,file,well_data,pdf,Drilling_LWD_MWD,15/9-F-15D,,mwd report 1,15/9-F-15D|Drilling_LWD_MWD|mwd report 1
d68764100d53ff044ab73c704824854282804182,dbfs:/Volumes/equinor_asa_volve_data_village/public/volve/Well_logs/02.LWD_EWL/15_9-F-15 D/WL_RAW_BHPR-CAL-DEN-GR-MECH-NEU-REMP_MWD_1-2_INF_1.ASC,WL_RAW_BHPR-CAL-DEN-GR-MECH-NEU-REMP_MWD_1-2_INF_1.ASC,file,well_data,asc,Drilling_LWD_MWD,15/9-F-15D,,wl raw bhpr cal den gr mech neu remp mwd 1 2 inf 1,15/9-F-15D|Drilling_LWD_MWD|wl raw bhpr cal den gr mech neu remp mwd 1 2 inf 1
1f923ac23d172eb09534f53271ba3b941b78c777,dbfs:/Volumes/equinor_asa_volve_data_village/public/volve/Well_logs/02.LWD_EWL/15_9-F-15 D/WL_RAW_BHPR-CAL-DEN-GR-MECH-NEU-REMP_MWD_1.DLIS,WL_RAW_BHPR-CAL-DEN-GR-MECH-NEU-REMP_MWD_1.DLIS,file,well_data,dlis,Drilling_LWD_MWD,15/9-F-15D,DLIS,wl raw bhpr cal den gr mech neu remp mwd 1,15/9-F-15D|Drilling_LWD_MWD|wl raw bhpr cal den gr mech neu remp mwd 1
8d3130ea26cf1ef51634805ef80a03a85b437c63,dbfs:/Volumes/equinor_asa_volve_data_village/public/volve/Well_logs/02.LWD_EWL/15_9-F-15 D/WL_RAW_BHPR-CAL-DEN-GR-MECH-NEU-REMP_MWD_2.DLIS,WL_RAW_BHPR-CAL-DEN-GR-MECH-NEU-REMP_MWD_2.DLIS,file,well_data,dlis,Drilling_LWD_MWD,15/9-F-15D,DLIS,wl raw bhpr cal den gr mech neu remp mwd 2,15/9-F-15D|Drilling_LWD_MWD|wl raw bhpr cal den gr mech neu remp mwd 2
03cda57d65178aded4ee84747d79d82444c1c85f,dbfs:/Volumes/equinor_asa_volve_data_village/public/volve/Well_logs/02.LWD_EWL/15_9-F-15 D/WL_RAW_BHPR-CAL-DEN-GR-MECH-NEU_MD_MWD_PLOT_1.PDF,WL_RAW_BHPR-CAL-DEN-GR-MECH-NEU_MD_MWD_PLOT_1.PDF,file,well_data,pdf,Drilling_LWD_MWD,15/9-F-15D,,wl raw bhpr cal den gr mech neu md mwd plot 1,15/9-F-15D|Drilling_LWD_MWD|wl raw bhpr cal den gr mech neu md mwd plot 1
153bf846a5e5f7115261aef33ac2067b47629de4,dbfs:/Volumes/equinor_asa_volve_data_village/public/volve/Well_logs/02.LWD_EWL/15_9-F-15 D/WL_RAW_BHPR-GR-MECH-REMP_MWD_1-2_INF_1.ASC,WL_RAW_BHPR-GR-MECH-REMP_MWD_1-2_INF_1.ASC,file,well_data,asc,Drilling_LWD_MWD,15/9-F-15D,,wl raw bhpr gr mech remp mwd 1 2 inf 1,15/9-F-15D|Drilling_LWD_MWD|wl raw bhpr gr mech remp mwd 1 2 inf 1
e28f23b33ef1e438100d09c3e027d2ffa1b2a36e,dbfs:/Volumes/equinor_asa_volve_data_village/public/volve/Well_logs/02.LWD_EWL/15_9-F-15 D/WL_RAW_BHPR-GR-MECH-REMP_MWD_1.DLIS,WL_RAW_BHPR-GR-MECH-REMP_MWD_1.DLIS,file,well_data,dlis,Drilling_LWD_MWD,15/9-F-15D,DLIS,wl raw bhpr gr mech remp mwd 1,15/9-F-15D|Drilling_LWD_MWD|wl raw bhpr gr mech remp mwd 1
8c5f1ffb7da6e5f2c4c08d34da80d48fda4f57eb,dbfs:/Volumes/equinor_asa_volve_data_village/public/volve/Well_logs/02.LWD_EWL/15_9-F-15 D/WL_RAW_BHPR-GR-MECH-REMP_MWD_2.DLIS,WL_RAW_BHPR-GR-MECH-REMP_MWD_2.DLIS,file,well_data,dlis,Drilling_LWD_MWD,15/9-F-15D,DLIS,wl raw bhpr gr mech remp mwd 2,15/9-F-15D|Drilling_LWD_MWD|wl raw bhpr gr mech remp mwd 2
f4d2a8de446695675fd192b43ebd36a356c7b2d4,dbfs:/Volumes/equinor_asa_volve_data_village/public/volve/Well_logs/02.LWD_EWL/15_9-F-15 D/WL_RAW_BHPR-GR-MECH_MD_MWD_PLOT_1.PDF,WL_RAW_BHPR-GR-MECH_MD_MWD_PLOT_1.PDF,file,well_data,pdf,Drilling_LWD_MWD,15/9-F-15D,,wl raw bhpr gr mech md mwd plot 1,15/9-F-15D|Drilling_LWD_MWD|wl raw bhpr gr mech md mwd plot 1
1524a471232233a52df063187cee0b092996b044,dbfs:/Volumes/equinor_asa_volve_data_village/public/volve/Well_logs/02.LWD_EWL/15_9-F-15 D/WL_RAW_BHPR-GR-MECH_MD_MWD_PLOT_2.PDF,WL_RAW_BHPR-GR-MECH_MD_MWD_PLOT_2.PDF,file,well_data,pdf,Drilling_LWD_MWD,15/9-F-15D,,wl raw bhpr gr mech md mwd plot 2,15/9-F-15D|Drilling_LWD_MWD|wl raw bhpr gr mech md mwd plot 2
3e92332f2111ffcdd4d14e6332130fa03c69ae91,dbfs:/Volumes/equinor_asa_volve_data_village/public/volve/Well_logs/02.LWD_EWL/15_9-F-15 D/WL_RAW_BHPR-MECH_TIME_MWD_1-3_INF_1.ASC,WL_RAW_BHPR-MECH_TIME_MWD_1-3_INF_1.ASC,file,well_data,asc,Drilling_LWD_MWD,15/9-F-15D,,wl raw bhpr mech time mwd 1 3 inf 1,15/9-F-15D|Drilling_LWD_MWD|wl raw bhpr mech time mwd 1 3 inf 1
7acd9fd8658ae1d63415befc45b68de9b3f83c76,dbfs:/Volumes/equinor_asa_volve_data_village/public/volve/Well_logs/02.LWD_EWL/15_9-F-15 D/WL_RAW_BHPR-MECH_TIME_MWD_1.ASC,WL_RAW_BHPR-MECH_TIME_MWD_1.ASC,file,well_data,asc,Drilling_LWD_MWD,15/9-F-15D,,wl raw bhpr mech time mwd 1,15/9-F-15D|Drilling_LWD_MWD|wl raw bhpr mech time mwd 1
f385aaaa45e2b0c09aa75fe92528d1eaa9ff8209,dbfs:/Volumes/equinor_asa_volve_data_village/public/volve/Well_logs/02.LWD_EWL/15_9-F-15 D/WL_RAW_BHPR-MECH_TIME_MWD_2.ASC,WL_RAW_BHPR-MECH_TIME_MWD_2.ASC,file,well_data,asc,Drilling_LWD_MWD,15/9-F-15D,,wl raw bhpr mech time mwd 2,15/9-F-15D|Drilling_LWD_MWD|wl raw bhpr mech time mwd 2
3f2ef8c8cb1717ba777a62c10dcac5d5fef4544a,dbfs:/Volumes/equinor_asa_volve_data_village/public/volve/Well_logs/02.LWD_EWL/15_9-F-15 D/WL_RAW_BHPR-MECH_TIME_MWD_3.ASC,WL_RAW_BHPR-MECH_TIME_MWD_3.ASC,file,well_data,asc,Drilling_LWD_MWD,15/9-F-15D,,wl raw bhpr mech time mwd 3,15/9-F-15D|Drilling_LWD_MWD|wl raw bhpr mech time mwd 3
680d2243526afda4fa0222efea7e3da5d0a17cc5,dbfs:/Volumes/equinor_asa_volve_data_village/public/volve/Well_logs/02.LWD_EWL/15_9-F-15 D/WL_RAW_BHPR-MECH_TIME_MWD_PLOT_1.PDF,WL_RAW_BHPR-MECH_TIME_MWD_PLOT_1.PDF,file,well_data,pdf,Drilling_LWD_MWD,15/9-F-15D,,wl raw bhpr mech time mwd plot 1,15/9-F-15D|Drilling_LWD_MWD|wl raw bhpr mech time mwd plot 1
a18e6b49433235dcdd11d3e689a1ee863e8ac974,dbfs:/Volumes/equinor_asa_volve_data_village/public/volve/Well_logs/02.LWD_EWL/15_9-F-15 D/WL_RAW_BHPR-MECH_TIME_MWD_PLOT_2.PDF,WL_RAW_BHPR-MECH_TIME_MWD_PLOT_2.PDF,file,well_data,pdf,Drilling_LWD_MWD,15/9-F-15D,,wl raw bhpr mech time mwd plot 2,15/9-F-15D|Drilling_LWD_MWD|wl raw bhpr mech time mwd plot 2
366c5d546615eff9ecd452f2d45b62319659dec5,dbfs:/Volumes/equinor_asa_volve_data_village/public/volve/Well_logs/02.LWD_EWL/15_9-F-15 D/WL_RAW_BHPR-MECH_TIME_MWD_PLOT_3.PDF,WL_RAW_BHPR-MECH_TIME_MWD_PLOT_3.PDF,file,well_data,pdf,Drilling_LWD_MWD,15/9-F-15D,,wl raw bhpr mech time mwd plot 3,15/9-F-15D|Drilling_LWD_MWD|wl raw bhpr mech time mwd plot 3
211ed8928daac2e23b4baf7ea55351b95341a952,dbfs:/Volumes/equinor_asa_volve_data_village/public/volve/Well_logs/02.LWD_EWL/15_9-F-15 D/WL_RAW_CAL-DEN-GR-NEU-REMP_MD_MWD_PLOT_1.PDF,WL_RAW_CAL-DEN-GR-NEU-REMP_MD_MWD_PLOT_1.PDF,file,well_data,pdf,Drilling_LWD_MWD,15/9-F-15D,,wl raw cal den gr neu remp md mwd plot 1,15/9-F-15D|Drilling_LWD_MWD|wl raw cal den gr neu remp md mwd plot 1
a497c3aeacf82fa803a1e47253a31233ead2076a,dbfs:/Volumes/equinor_asa_volve_data_village/public/volve/Well_logs/02.LWD_EWL/15_9-F-15 D/WL_RAW_GR-REMP_MD_MWD_PLOT_1.PDF,WL_RAW_GR-REMP_MD_MWD_PLOT_1.PDF,file,well_data,pdf,Drilling_LWD_MWD,15/9-F-15D,,wl raw gr remp md mwd plot 1,15/9-F-15D|Drilling_LWD_MWD|wl raw gr remp md mwd plot 1
63ac40749091ce89d5c04a1693ecdc99c383eaf7,dbfs:/Volumes/equinor_asa_volve_data_village/public/volve/Well_logs/02.LWD_EWL/15_9-F-15 D/WL_RAW_GR-REMP_MD_MWD_PLOT_2.PDF,WL_RAW_GR-REMP_MD_MWD_PLOT_2.PDF,file,well_data,pdf,Drilling_LWD_MWD,15/9-F-15D,,wl raw gr remp md mwd plot 2,15/9-F-15D|Drilling_LWD_MWD|wl raw gr remp md mwd plot 2
1458347fd5abb49897f3dfaf364b6d2587519f82,dbfs:/Volumes/equinor_asa_volve_data_village/public/volve/Well_logs/02.LWD_EWL/15_9-F-15 D/WLC_RAW_BHPR-CAL-DEN-GR-MECH-NEU-REMP_MWD_1.DLIS,WLC_RAW_BHPR-CAL-DEN-GR-MECH-NEU-REMP_MWD_1.DLIS,file,well_data,dlis,Drilling_LWD_MWD,15/9-F-15D,DLIS,wlc raw bhpr cal den gr mech neu remp mwd 1,15/9-F-15D|Drilling_LWD_MWD|wlc raw bhpr cal den gr mech neu remp mwd 1
53cad4d54014c6e170b405afeab835881aee60b5,dbfs:/Volumes/equinor_asa_volve_data_village/public/volve/Well_logs/02.LWD_EWL/15_9-F-15 D/WLC_RAW_BHPR-CAL-DEN-GR-MECH-NEU-REMP_MWD_1_INF_1.ASC,WLC_RAW_BHPR-CAL-DEN-GR-MECH-NEU-REMP_MWD_1_INF_1.ASC,file,well_data,asc,Drilling_LWD_MWD,15/9-F-15D,,wlc raw bhpr cal den gr mech neu remp mwd 1 inf 1,15/9-F-15D|Drilling_LWD_MWD|wlc raw bhpr cal den gr mech neu remp mwd 1 inf 1
82bdaf1b9fa001c475f62f0616d291ff7baa34b8,dbfs:/Volumes/equinor_asa_volve_data_village/public/volve/Well_logs/02.LWD_EWL/15_9-F-15 D/WLC_RAW_CAL-DEN-GR-NEU-REMP_MD_MWD_PLOT_1.PDF,WLC_RAW_CAL-DEN-GR-NEU-REMP_MD_MWD_PLOT_1.PDF,file,well_data,pdf,Drilling_LWD_MWD,15/9-F-15D,,wlc raw cal den gr neu remp md mwd plot 1,15/9-F-15D|Drilling_LWD_MWD|wlc raw cal den gr neu remp md mwd plot 1
f9ab370e87f21aafa9b11becd9c67a4152ca3fce,dbfs:/Volumes/equinor_asa_volve_data_village/public/volve/Well_logs/02.LWD_EWL/15_9-F-15 D/WLC_RAW_CAL-DEN-GR-NEU-REMP_TVD_MWD_PLOT_1.PDF,WLC_RAW_CAL-DEN-GR-NEU-REMP_TVD_MWD_PLOT_1.PDF,file,well_data,pdf,Drilling_LWD_MWD,15/9-F-15D,,wlc raw cal den gr neu remp tvd mwd plot 1,15/9-F-15D|Drilling_LWD_MWD|wlc raw cal den gr neu remp tvd mwd plot 1
6925a0a6fff9bc8bda39adf43762562dc8809133,dbfs:/Volumes/equinor_asa_volve_data_village/public/volve/Well_logs/04.COMPOSITE/15_9-F-15 D/WLC_COMPOSITE_2.DLIS,WLC_COMPOSITE_2.DLIS,file,well_data,dlis,Well_Logs_Wireline,15/9-F-15D,DLIS,wlc composite 2,15/9-F-15D|Well_Logs_Wireline|wlc composite 2
2c5128dc7de8f16908e4d9f3f9fc3e726e894e0e,dbfs:/Volumes/equinor_asa_volve_data_village/public/volve/Well_logs/04.COMPOSITE/15_9-F-15 D/WLC_COMPOSITE_2_INF_1.PDF,WLC_COMPOSITE_2_INF_1.PDF,file,well_data,pdf,Well_Logs_Wireline,15/9-F-15D,,wlc composite 2 inf 1,15/9-F-15D|Well_Logs_Wireline|wlc composite 2 inf 1
e90421bc33e2723efbd006bb6cbb83846d6b6333,dbfs:/Volumes/equinor_asa_volve_data_village/public/volve/Well_logs/04.COMPOSITE/15_9-F-15 D/WLC_PETROPHYSICAL_COMPOSITE_2.DLIS,WLC_PETROPHYSICAL_COMPOSITE_2.DLIS,file,well_data,dlis,Well_Logs_Wireline,15/9-F-15D,DLIS,wlc petrophysical composite 2,15/9-F-15D|Well_Logs_Wireline|wlc petrophysical composite 2
a1df40d7e07148d23538be657bf1c1de53628c19,dbfs:/Volumes/equinor_asa_volve_data_village/public/volve/Well_logs/04.COMPOSITE/15_9-F-15 D/WLC_PETROPHYSICAL_COMPOSITE_2_INF_1.PDF,WLC_PETROPHYSICAL_COMPOSITE_2_INF_1.PDF,file,well_data,pdf,Well_Logs_Wireline,15/9-F-15D,,wlc petrophysical composite 2 inf 1,15/9-F-15D|Well_Logs_Wireline|wlc petrophysical composite 2 inf 1
aeba6a7c448742b6c7f264a2535e9c2545d18982,dbfs:/Volumes/equinor_asa_volve_data_village/public/volve/Well_logs/05.PETROPHYSICAL INTERPRETATION/15_9-F-15 D/PETROPHYSICAL_REPORT_1.PDF,PETROPHYSICAL_REPORT_1.PDF,file,well_data,pdf,Well_Logs_Wireline,15/9-F-15D,,petrophysical report 1,15/9-F-15D|Well_Logs_Wireline|petrophysical report 1
c19ca0399c499f95094f8f9a1bf0c13af6f754bf,dbfs:/Volumes/equinor_asa_volve_data_village/public/volve/Well_logs/05.PETROPHYSICAL INTERPRETATION/15_9-F-15 D/WLC_PETRO_COMPUTED_1_INF_1.ASC,WLC_PETRO_COMPUTED_1_INF_1.ASC,file,well_data,asc,Well_Logs_Wireline,15/9-F-15D,,wlc petro computed 1 inf 1,15/9-F-15D|Well_Logs_Wireline|wlc petro computed 1 inf 1
d522c92738e3330658be6fbd2220aac7d08d759e,dbfs:/Volumes/equinor_asa_volve_data_village/public/volve/Well_logs/05.PETROPHYSICAL INTERPRETATION/15_9-F-15 D/WLC_PETRO_COMPUTED_INPUT_1.LAS,WLC_PETRO_COMPUTED_INPUT_1.LAS,file,well_data,las,Well_Logs_Wireline,15/9-F-15D,LAS,wlc petro computed input 1.las,15/9-F-15D|Well_Logs_Wireline|wlc petro computed input 1.las
0e89ac998d2ea7bf6770364ac02694878e0b1a95,dbfs:/Volumes/equinor_asa_volve_data_village/public/volve/Well_logs/05.PETROPHYSICAL INTERPRETATION/15_9-F-15 D/WLC_PETRO_COMPUTED_OUTPUT_1.LAS,WLC_PETRO_COMPUTED_OUTPUT_1.LAS,file,well_data,las,Well_Logs_Wireline,15/9-F-15D,LAS,wlc petro computed output 1.las,15/9-F-15D|Well_Logs_Wireline|wlc petro computed output 1.las
51f0551daf6f780f6894d6d47222ee3caa250aeb,dbfs:/Volumes/equinor_asa_volve_data_village/public/volve/Well_logs/10.PRODUCTION LOGS/15_9-F-15 D/RAW/WL_RAW_PROD_CCL-GR-PERF_2014-01-07_1-2_INF_1.ASC,WL_RAW_PROD_CCL-GR-PERF_2014-01-07_1-2_INF_1.ASC,file,well_data,asc,Production_Logs_PLT_RST,15/9-F-15D,PLT,20140107,15/9-F-15D|Production_Logs_PLT_RST|20140107
e46e991ba37c9af87c6cb46652cc458092115968,dbfs:/Volumes/equinor_asa_volve_data_village/public/volve/Well_logs/10.PRODUCTION LOGS/15_9-F-15 D/RAW/WL_RAW_PROD_CCL-PERF_2016-07-13_1-2_INF_1.ASC,WL_RAW_PROD_CCL-PERF_2016-07-13_1-2_INF_1.ASC,file,well_data,asc,Production_Logs_PLT_RST,15/9-F-15D,PLT,20160713,15/9-F-15D|Production_Logs_PLT_RST|20160713
7d37c6fa792f72f49b230d175f84925d2c6ffef5,dbfs:/Volumes/equinor_asa_volve_data_village/public/volve/Well_logs/14.DIV. REPORTS/15_9-F-15 D/15-9-F-15 D_Dip analysis_real time_NEW.zip,15-9-F-15 D_Dip analysis_real time_NEW.zip,file,well_data,zip,Completion_Workover,15/9-F-15D,,15 9 f 15 d dip analysis real time new,15/9-F-15D|Completion_Workover|15 9 f 15 d dip analysis real time new
be5f77cb20f735363c7df65f539ba688f4bb15f8,dbfs:/Volumes/equinor_asa_volve_data_village/public/volve/Well_logs/14.DIV. REPORTS/15_9-F-15 D/15-9-F-15 D_EOWR_Logging mudlogging direction drilling_BH.pdf,15-9-F-15 D_EOWR_Logging mudlogging direction drilling_BH.pdf,file,well_data,pdf,Completion_Workover,15/9-F-15D,,15 9 f 15 d eowr logging mudlogging direction drilling bh,15/9-F-15D|Completion_Workover|15 9 f 15 d eowr logging mudlogging direction drilling bh
2f14acc9efee744bfdee7d4167042b4887cb6aac,dbfs:/Volumes/equinor_asa_volve_data_village/public/volve/Well_logs/14.DIV. REPORTS/15_9-F-15 D/15-9-F-15 D_Geosteering decision log.xlsx,15-9-F-15 D_Geosteering decision log.xlsx,file,well_data,xlsx,Completion_Workover,15/9-F-15D,,15 9 f 15 d geosteering decision log.xlsx,15/9-F-15D|Completion_Workover|15 9 f 15 d geosteering decision log.xlsx
01880e07418b57404719a2e0cddf32be6a82ef35,dbfs:/Volumes/equinor_asa_volve_data_village/public/volve/Well_logs/14.DIV. REPORTS/15_9-F-15 D/15-9-F-15 D_Well placement final poster.pdf,15-9-F-15 D_Well placement final poster.pdf,file,well_data,pdf,Well_Logs_Wireline,15/9-F-15D,,15 9 f 15 d well placement poster,15/9-F-15D|Well_Logs_Wireline|15 9 f 15 d well placement poster
703b029539210331bc9dcfcf94c392f074bd3dfa,dbfs:/Volumes/equinor_asa_volve_data_village/public/volve/Well_logs/14.DIV. REPORTS/15_9-F-15 D/15-9-F-15_D_CompletionLog.pdf,15-9-F-15_D_CompletionLog.pdf,file,well_data,pdf,Completion_Workover,15/9-F-15D,COMPLETION,15 9 f 15 d completionlog,15/9-F-15D|Completion_Workover|15 9 f 15 d completionlog
25f50eb3458aebedb0c7f734bb26c927ec894547,dbfs:/Volumes/equinor_asa_volve_data_village/public/volve/Well_logs/14.DIV. REPORTS/15_9-F-15 D/15-9-F-15_D_Pre-well Geosteering Feasibility study.pdf,15-9-F-15_D_Pre-well Geosteering Feasibility study.pdf,file,well_data,pdf,Completion_Workover,15/9-F-15D,,15 9 f 15 d pre well geosteering feasibility study,15/9-F-15D|Completion_Workover|15 9 f 15 d pre well geosteering feasibility study
b0fbe383124510d0fc24a3cc6b4803565621c07c,dbfs:/Volumes/equinor_asa_volve_data_village/public/volve/Well_logs/14.DIV. REPORTS/15_9-F-15 D/159F15D_CPI_report.pdf,159F15D_CPI_report.pdf,file,well_data,pdf,Completion_Workover,15/9-F-15D,,159f15d cpi report,15/9-F-15D|Completion_Workover|159f15d cpi report
51797d71096e0f2ba5c31fb2ba6668b01beac5ea,dbfs:/Volumes/equinor_asa_volve_data_village/public/volve/Well_logs/14.DIV. REPORTS/15_9-F-15 D/15_9_F-15 D - Concept selection_Drilling_Recommendation.pdf,15_9_F-15 D - Concept selection_Drilling_Recommendation.pdf,file,well_data,pdf,Completion_Workover,15/9-F-15D,,15 9 f 15 d concept selection drilling recommendation,15/9-F-15D|Completion_Workover|15 9 f 15 d concept selection drilling recommendation
19594e8e965cac97ac9c8aec607eefa4ec32f6ca,dbfs:/Volumes/equinor_asa_volve_data_village/public/volve/Well_logs/14.DIV. REPORTS/15_9-F-15 D/15_9_F-15 D_Drilling_Program.pdf,15_9_F-15 D_Drilling_Program.pdf,file,well_data,pdf,Completion_Workover,15/9-F-15D,,15 9 f 15 d drilling program,15/9-F-15D|Completion_Workover|15 9 f 15 d drilling program
76a98cb6752370001bcc8c2c6c991b7374a02766,dbfs:/Volumes/equinor_asa_volve_data_village/public/volve/Well_logs/14.DIV. REPORTS/15_9-F-15 D/COMPLETION_REPORT_1.PDF,COMPLETION_REPORT_1.PDF,file,well_data,pdf,Completion_Workover,15/9-F-15D,COMPLETION,completion report 1,15/9-F-15D|Completion_Workover|completion report 1
b6c87fe18ae82200c0b77433ee207ad7170f3d98,dbfs:/Volumes/equinor_asa_volve_data_village/public/volve/Well_logs/14.DIV. REPORTS/15_9-F-15 D/COMPLETION_REPORT_2.PDF,COMPLETION_REPORT_2.PDF,file,well_data,pdf,Completion_Workover,15/9-F-15D,COMPLETION,completion report 2,15/9-F-15D|Completion_Workover|completion report 2
08eeab75cd4c06de39ef01cdf6e593f0455011eb,dbfs:/Volumes/equinor_asa_volve_data_village/public/volve/Well_logs/14.DIV. REPORTS/15_9-F-15 D/FWR_Completion_NO 15-9-F-15 D.pdf,FWR_Completion_NO 15-9-F-15 D.pdf,file,well_data,pdf,Completion_Workover,15/9-F-15D,COMPLETION,fwr completion no 15 9 f 15 d,15/9-F-15D|Completion_Workover|fwr completion no 15 9 f 15 d
b8cf1e2a2611e21bcfa12e50a78540b4c01806c3,dbfs:/Volumes/equinor_asa_volve_data_village/public/volve/Well_logs/14.DIV. REPORTS/15_9-F-15 D/Thumbs.db,Thumbs.db,file,well_data,db,Completion_Workover,15/9-F-15D,,thumbs.db,15/9-F-15D|Completion_Workover|thumbs.db
44e905e9499160e8067d621bc36925fc081c12c5,dbfs:/Volumes/equinor_asa_volve_data_village/public/volve/Well_logs/14.DIV. REPORTS/15_9-F-15 D/Volve F-15 D IOR Geosteering procedure.doc,Volve F-15 D IOR Geosteering procedure.doc,file,well_data,doc,Completion_Workover,15/9-F-15D,,volve f 15 d ior geosteering procedure.doc,15/9-F-15D|Completion_Workover|volve f 15 d ior geosteering procedure.doc
1e49ac737ee6c5edbaa2379b86fb0dabfcecae08,dbfs:/Volumes/equinor_asa_volve_data_village/public/volve/Well_logs/14.DIV. REPORTS/15_9-F-15 D/WELL_PROPOSAL_1.PDF,WELL_PROPOSAL_1.PDF,file,well_data,pdf,Completion_Workover,15/9-F-15D,,well proposal 1,15/9-F-15D|Completion_Workover|well proposal 1
dcd6ded494306a4282907236a27097b25ab0c3a3,dbfs:/Volumes/equinor_asa_volve_data_village/public/volve/Well_technical_data/Daily Drilling Report - HTML Version/15_9_F_15_D_2013_11_11.html,15_9_F_15_D_2013_11_11.html,file,well_data,html,Daily_Drilling_Reports,15/9-F-15D,DDR,20131111,15/9-F-15D|Daily_Drilling_Reports|20131111
3751a1855a8c0f03b692d67a9743c701ea36c9ea,dbfs:/Volumes/equinor_asa_volve_data_village/public/volve/Well_technical_data/Daily Drilling Report - HTML Version/15_9_F_15_D_2013_11_12.html,15_9_F_15_D_2013_11_12.html,file,well_data,html,Daily_Drilling_Reports,15/9-F-15D,DDR,20131112,15/9-F-15D|Daily_Drilling_Reports|20131112
3aa8194416c0d95dbaf37c024cec338c3ef78a7e,dbfs:/Volumes/equinor_asa_volve_data_village/public/volve/Well_technical_data/Daily Drilling Report - HTML Version/15_9_F_15_D_2013_11_13.html,15_9_F_15_D_2013_11_13.html,file,well_data,html,Daily_Drilling_Reports,15/9-F-15D,DDR,20131113,15/9-F-15D|Daily_Drilling_Reports|20131113
9948fc71d9214fbdb900e12a03f8e0d261910698,dbfs:/Volumes/equinor_asa_volve_data_village/public/volve/Well_technical_data/Daily Drilling Report - HTML Version/15_9_F_15_D_2013_11_14.html,15_9_F_15_D_2013_11_14.html,file,well_data,html,Daily_Drilling_Reports,15/9-F-15D,DDR,20131114,15/9-F-15D|Daily_Drilling_Reports|20131114
7d2c12ebf4b1b9f9211f747def2e00599b5a6efb,dbfs:/Volumes/equinor_asa_volve_data_village/public/volve/Well_technical_data/Daily Drilling Report - HTML Version/15_9_F_15_D_2013_11_15.html,15_9_F_15_D_2013_11_15.html,file,well_data,html,Daily_Drilling_Reports,15/9-F-15D,DDR,20131115,15/9-F-15D|Daily_Drilling_Reports|20131115
29f351ac4b4781138c03ee51c22787e6708dfd7a,dbfs:/Volumes/equinor_asa_volve_data_village/public/volve/Well_technical_data/Daily Drilling Report - HTML Version/15_9_F_15_D_2013_11_16.html,15_9_F_15_D_2013_11_16.html,file,well_data,html,Daily_Drilling_Reports,15/9-F-15D,DDR,20131116,15/9-F-15D|Daily_Drilling_Reports|20131116
c95f9e91dc62eb5f5f78451c37c358118d0b056e,dbfs:/Volumes/equinor_asa_volve_data_village/public/volve/Well_technical_data/Daily Drilling Report - HTML Version/15_9_F_15_D_2013_11_17.html,15_9_F_15_D_2013_11_17.html,file,well_data,html,Daily_Drilling_Reports,15/9-F-15D,DDR,20131117,15/9-F-15D|Daily_Drilling_Reports|20131117
e08cd4067780dc9356f8aaee9bdbdcb0dbb92513,dbfs:/Volumes/equinor_asa_volve_data_village/public/volve/Well_technical_data/Daily Drilling Report - HTML Version/15_9_F_15_D_2013_11_18.html,15_9_F_15_D_2013_11_18.html,file,well_data,html,Daily_Drilling_Reports,15/9-F-15D,DDR,20131118,15/9-F-15D|Daily_Drilling_Reports|20131118
1b95c97bdedadb4721e246433db51a17f5631dbb,dbfs:/Volumes/equinor_asa_volve_data_village/public/volve/Well_technical_data/Daily Drilling Report - HTML Version/15_9_F_15_D_2013_11_19.html,15_9_F_15_D_2013_11_19.html,file,well_data,html,Daily_Drilling_Reports,15/9-F-15D,DDR,20131119,15/9-F-15D|Daily_Drilling_Reports|20131119
9dd953dcfcd3ab9acfdbf28025371a289bd16618,dbfs:/Volumes/equinor_asa_volve_data_village/public/volve/Well_technical_data/Daily Drilling Report - HTML Version/15_9_F_15_D_2013_11_20.html,15_9_F_15_D_2013_11_20.html,file,well_data,html,Daily_Drilling_Reports,15/9-F-15D,DDR,20131120,15/9-F-15D|Daily_Drilling_Reports|20131120
f162beb1f7a140c3ed568ae329609450993d5ba4,dbfs:/Volumes/equinor_asa_volve_data_village/public/volve/Well_technical_data/Daily Drilling Report - HTML Version/15_9_F_15_D_2013_11_21.html,15_9_F_15_D_2013_11_21.html,file,well_data,html,Daily_Drilling_Reports,15/9-F-15D,DDR,20131121,15/9-F-15D|Daily_Drilling_Reports|20131121
1057bb31cfc11a0f4f789c2ae1bd49e340f59071,dbfs:/Volumes/equinor_asa_volve_data_village/public/volve/Well_technical_data/Daily Drilling Report - HTML Version/15_9_F_15_D_2013_11_22.html,15_9_F_15_D_2013_11_22.html,file,well_data,html,Daily_Drilling_Reports,15/9-F-15D,DDR,20131122,15/9-F-15D|Daily_Drilling_Reports|20131122
827b3565daa066b5a9aad456b1a7a74e44d5619f,dbfs:/Volumes/equinor_asa_volve_data_village/public/volve/Well_technical_data/Daily Drilling Report - HTML Version/15_9_F_15_D_2013_11_23.html,15_9_F_15_D_2013_11_23.html,file,well_data,html,Daily_Drilling_Reports,15/9-F-15D,DDR,20131123,15/9-F-15D|Daily_Drilling_Reports|20131123
acd9872c1e5a8f0db2f4c8d6eeea1b83405d9bce,dbfs:/Volumes/equinor_asa_volve_data_village/public/volve/Well_technical_data/Daily Drilling Report - HTML Version/15_9_F_15_D_2013_11_24.html,15_9_F_15_D_2013_11_24.html,file,well_data,html,Daily_Drilling_Reports,15/9-F-15D,DDR,20131124,15/9-F-15D|Daily_Drilling_Reports|20131124
77a4db1c894f8e00aae8260686d15a714b0ebd3d,dbfs:/Volumes/equinor_asa_volve_data_village/public/volve/Well_technical_data/Daily Drilling Report - HTML Version/15_9_F_15_D_2013_11_25.html,15_9_F_15_D_2013_11_25.html,file,well_data,html,Daily_Drilling_Reports,15/9-F-15D,DDR,20131125,15/9-F-15D|Daily_Drilling_Reports|20131125
9f69396f1fe67ae348edb96b1792d9203ef1a854,dbfs:/Volumes/equinor_asa_volve_data_village/public/volve/Well_technical_data/Daily Drilling Report - HTML Version/15_9_F_15_D_2013_11_26.html,15_9_F_15_D_2013_11_26.html,file,well_data,html,Daily_Drilling_Reports,15/9-F-15D,DDR,20131126,15/9-F-15D|Daily_Drilling_Reports|20131126
1162de68d855fc104ad4a1dd721478e0ecf43673,dbfs:/Volumes/equinor_asa_volve_data_village/public/volve/Well_technical_data/Daily Drilling Report - HTML Version/15_9_F_15_D_2013_11_27.html,15_9_F_15_D_2013_11_27.html,file,well_data,html,Daily_Drilling_Reports,15/9-F-15D,DDR,20131127,15/9-F-15D|Daily_Drilling_Reports|20131127
f0625178fe25aa9c845358d13a5068c550e78481,dbfs:/Volumes/equinor_asa_volve_data_village/public/volve/Well_technical_data/Daily Drilling Report - HTML Version/15_9_F_15_D_2013_11_28.html,15_9_F_15_D_2013_11_28.html,file,well_data,html,Daily_Drilling_Reports,15/9-F-15D,DDR,20131128,15/9-F-15D|Daily_Drilling_Reports|20131128
a6d058d5b81dd6732952c766f78ba5a3568abe25,dbfs:/Volumes/equinor_asa_volve_data_village/public/volve/Well_technical_data/Daily Drilling Report - HTML Version/15_9_F_15_D_2013_11_29.html,15_9_F_15_D_2013_11_29.html,file,well_data,html,Daily_Drilling_Reports,15/9-F-15D,DDR,20131129,15/9-F-15D|Daily_Drilling_Reports|20131129
32af15226a8dcc530d1f649665f89db8627fe5c9,dbfs:/Volumes/equinor_asa_volve_data_village/public/volve/Well_technical_data/Daily Drilling Report - HTML Version/15_9_F_15_D_2013_11_30.html,15_9_F_15_D_2013_11_30.html,file,well_data,html,Daily_Drilling_Reports,15/9-F-15D,DDR,20131130,15/9-F-15D|Daily_Drilling_Reports|20131130
a0cfd8045da16eedad1fde59e3145cf9d0234785,dbfs:/Volumes/equinor_asa_volve_data_village/public/volve/Well_technical_data/Daily Drilling Report - HTML Version/15_9_F_15_D_2013_12_01.html,15_9_F_15_D_2013_12_01.html,file,well_data,html,Daily_Drilling_Reports,15/9-F-15D,DDR,20131201,15/9-F-15D|Daily_Drilling_Reports|20131201
6c0deeba48babcd6887d8aac1283d1fde0579160,dbfs:/Volumes/equinor_asa_volve_data_village/public/volve/Well_technical_data/Daily Drilling Report - HTML Version/15_9_F_15_D_2013_12_02.html,15_9_F_15_D_2013_12_02.html,file,well_data,html,Daily_Drilling_Reports,15/9-F-15D,DDR,20131202,15/9-F-15D|Daily_Drilling_Reports|20131202
2db05055ea8bd22ed99d393c7c5861358c79a4fb,dbfs:/Volumes/equinor_asa_volve_data_village/public/volve/Well_technical_data/Daily Drilling Report - HTML Version/15_9_F_15_D_2013_12_03.html,15_9_F_15_D_2013_12_03.html,file,well_data,html,Daily_Drilling_Reports,15/9-F-15D,DDR,20131203,15/9-F-15D|Daily_Drilling_Reports|20131203
51b6d8846918a3a66b1224bb0a3f50963875c6b9,dbfs:/Volumes/equinor_asa_volve_data_village/public/volve/Well_technical_data/Daily Drilling Report - HTML Version/15_9_F_15_D_2013_12_04.html,15_9_F_15_D_2013_12_04.html,file,well_data,html,Daily_Drilling_Reports,15/9-F-15D,DDR,20131204,15/9-F-15D|Daily_Drilling_Reports|20131204
9f78d079ac25e7f5effd584b6bd58f0276791af1,dbfs:/Volumes/equinor_asa_volve_data_village/public/volve/Well_technical_data/Daily Drilling Report - HTML Version/15_9_F_15_D_2013_12_05.html,15_9_F_15_D_2013_12_05.html,file,well_data,html,Daily_Drilling_Reports,15/9-F-15D,DDR,20131205,15/9-F-15D|Daily_Drilling_Reports|20131205
bfcd2c36cb3d242786f8904f4670a80716b2c2d3,dbfs:/Volumes/equinor_asa_volve_data_village/public/volve/Well_technical_data/Daily Drilling Report - HTML Version/15_9_F_15_D_2013_12_06.html,15_9_F_15_D_2013_12_06.html,file,well_data,html,Daily_Drilling_Reports,15/9-F-15D,DDR,20131206,15/9-F-15D|Daily_Drilling_Reports|20131206
8de3ae04c2fe70dd333efd7a440b523c1d19f221,dbfs:/Volumes/equinor_asa_volve_data_village/public/volve/Well_technical_data/Daily Drilling Report - HTML Version/15_9_F_15_D_2013_12_07.html,15_9_F_15_D_2013_12_07.html,file,well_data,html,Daily_Drilling_Reports,15/9-F-15D,DDR,20131207,15/9-F-15D|Daily_Drilling_Reports|20131207
688e4b40bf5620011030b4070b0a68be970f22b0,dbfs:/Volumes/equinor_asa_volve_data_village/public/volve/Well_technical_data/Daily Drilling Report - HTML Version/15_9_F_15_D_2013_12_08.html,15_9_F_15_D_2013_12_08.html,file,well_data,html,Daily_Drilling_Reports,15/9-F-15D,DDR,20131208,15/9-F-15D|Daily_Drilling_Reports|20131208
c71308ba51b86a6e1209c21494cabeb806e9f74b,dbfs:/Volumes/equinor_asa_volve_data_village/public/volve/Well_technical_data/Daily Drilling Report - HTML Version/15_9_F_15_D_2013_12_09.html,15_9_F_15_D_2013_12_09.html,file,well_data,html,Daily_Drilling_Reports,15/9-F-15D,DDR,20131209,15/9-F-15D|Daily_Drilling_Reports|20131209
2dbd713c6aeebb2a6d90aad0bb6664c2d4370354,dbfs:/Volumes/equinor_asa_volve_data_village/public/volve/Well_technical_data/Daily Drilling Report - HTML Version/15_9_F_15_D_2013_12_10.html,15_9_F_15_D_2013_12_10.html,file,well_data,html,Daily_Drilling_Reports,15/9-F-15D,DDR,20131210,15/9-F-15D|Daily_Drilling_Reports|20131210
05240f6a9f1a13ec9e2f2c02531878993b86adfb,dbfs:/Volumes/equinor_asa_volve_data_village/public/volve/Well_technical_data/Daily Drilling Report - HTML Version/15_9_F_15_D_2013_12_11.html,15_9_F_15_D_2013_12_11.html,file,well_data,html,Daily_Drilling_Reports,15/9-F-15D,DDR,20131211,15/9-F-15D|Daily_Drilling_Reports|20131211
9dce658d69681e61f266d2b4bf3447ff66bdd1d2,dbfs:/Volumes/equinor_asa_volve_data_village/public/volve/Well_technical_data/Daily Drilling Report - HTML Version/15_9_F_15_D_2013_12_12.html,15_9_F_15_D_2013_12_12.html,file,well_data,html,Daily_Drilling_Reports,15/9-F-15D,DDR,20131212,15/9-F-15D|Daily_Drilling_Reports|20131212
3a6b113a12688eed8c879cf893d91fcb144ce65b,dbfs:/Volumes/equinor_asa_volve_data_village/public/volve/Well_technical_data/Daily Drilling Report - HTML Version/15_9_F_15_D_2013_12_13.html,15_9_F_15_D_2013_12_13.html,file,well_data,html,Daily_Drilling_Reports,15/9-F-15D,DDR,20131213,15/9-F-15D|Daily_Drilling_Reports|20131213
1bc5175fa13e30c39e43b917a8436ccef3d1748d,dbfs:/Volumes/equinor_asa_volve_data_village/public/volve/Well_technical_data/Daily Drilling Report - HTML Version/15_9_F_15_D_2013_12_14.html,15_9_F_15_D_2013_12_14.html,file,well_data,html,Daily_Drilling_Reports,15/9-F-15D,DDR,20131214,15/9-F-15D|Daily_Drilling_Reports|20131214
2816933f33ae1646c9e7973069ca64a44e9f83eb,dbfs:/Volumes/equinor_asa_volve_data_village/public/volve/Well_technical_data/Daily Drilling Report - HTML Version/15_9_F_15_D_2013_12_15.html,15_9_F_15_D_2013_12_15.html,file,well_data,html,Daily_Drilling_Reports,15/9-F-15D,DDR,20131215,15/9-F-15D|Daily_Drilling_Reports|20131215
412f4b0e93a69772f6f75b23b6d8796f24dd0215,dbfs:/Volumes/equinor_asa_volve_data_village/public/volve/Well_technical_data/Daily Drilling Report - HTML Version/15_9_F_15_D_2013_12_16.html,15_9_F_15_D_2013_12_16.html,file,well_data,html,Daily_Drilling_Reports,15/9-F-15D,DDR,20131216,15/9-F-15D|Daily_Drilling_Reports|20131216
74526aeefe299bf3dd1e18d530edf04da9a39fec,dbfs:/Volumes/equinor_asa_volve_data_village/public/volve/Well_technical_data/Daily Drilling Report - HTML Version/15_9_F_15_D_2013_12_17.html,15_9_F_15_D_2013_12_17.html,file,well_data,html,Daily_Drilling_Reports,15/9-F-15D,DDR,20131217,15/9-F-15D|Daily_Drilling_Reports|20131217
ff38b7bb6ad83ecc3eb8fad7addbfd86c16981a8,dbfs:/Volumes/equinor_asa_volve_data_village/public/volve/Well_technical_data/Daily Drilling Report - HTML Version/15_9_F_15_D_2013_12_18.html,15_9_F_15_D_2013_12_18.html,file,well_data,html,Daily_Drilling_Reports,15/9-F-15D,DDR,20131218,15/9-F-15D|Daily_Drilling_Reports|20131218
966d4e4815fa3bcef55951dccfa2e1f584d1be35,dbfs:/Volumes/equinor_asa_volve_data_village/public/volve/Well_technical_data/Daily Drilling Report - HTML Version/15_9_F_15_D_2013_12_19.html,15_9_F_15_D_2013_12_19.html,file,well_data,html,Daily_Drilling_Reports,15/9-F-15D,DDR,20131219,15/9-F-15D|Daily_Drilling_Reports|20131219
8f5300258eb6b54428d712590114db393db57a62,dbfs:/Volumes/equinor_asa_volve_data_village/public/volve/Well_technical_data/Daily Drilling Report - HTML Version/15_9_F_15_D_2013_12_20.html,15_9_F_15_D_2013_12_20.html,file,well_data,html,Daily_Drilling_Reports,15/9-F-15D,DDR,20131220,15/9-F-15D|Daily_Drilling_Reports|20131220
f52780f1854df875b43913fdff5b44c5b3116b98,dbfs:/Volumes/equinor_asa_volve_data_village/public/volve/Well_technical_data/Daily Drilling Report - HTML Version/15_9_F_15_D_2013_12_21.html,15_9_F_15_D_2013_12_21.html,file,well_data,html,Daily_Drilling_Reports,15/9-F-15D,DDR,20131221,15/9-F-15D|Daily_Drilling_Reports|20131221
16431279d125a1524ce9cfd702e8e00480c982a3,dbfs:/Volumes/equinor_asa_volve_data_village/public/volve/Well_technical_data/Daily Drilling Report - HTML Version/15_9_F_15_D_2013_12_27.html,15_9_F_15_D_2013_12_27.html,file,well_data,html,Daily_Drilling_Reports,15/9-F-15D,DDR,20131227,15/9-F-15D|Daily_Drilling_Reports|20131227
995c40de4e2b22df71142a24ef0ee32946f9022f,dbfs:/Volumes/equinor_asa_volve_data_village/public/volve/Well_technical_data/Daily Drilling Report - HTML Version/15_9_F_15_D_2013_12_28.html,15_9_F_15_D_2013_12_28.html,file,well_data,html,Daily_Drilling_Reports,15/9-F-15D,DDR,20131228,15/9-F-15D|Daily_Drilling_Reports|20131228
3eb961e6b74d9b3dd8ee9a32d4cc32a859fcb4b1,dbfs:/Volumes/equinor_asa_volve_data_village/public/volve/Well_technical_data/Daily Drilling Report - HTML Version/15_9_F_15_D_2013_12_29.html,15_9_F_15_D_2013_12_29.html,file,well_data,html,Daily_Drilling_Reports,15/9-F-15D,DDR,20131229,15/9-F-15D|Daily_Drilling_Reports|20131229
2677723f3db4defabc74eb7b46d269220b237879,dbfs:/Volumes/equinor_asa_volve_data_village/public/volve/Well_technical_data/Daily Drilling Report - HTML Version/15_9_F_15_D_2013_12_30.html,15_9_F_15_D_2013_12_30.html,file,well_data,html,Daily_Drilling_Reports,15/9-F-15D,DDR,20131230,15/9-F-15D|Daily_Drilling_Reports|20131230
c7b9dec0763dad019b8d7de6a5d5f3de4dd6e057,dbfs:/Volumes/equinor_asa_volve_data_village/public/volve/Well_technical_data/Daily Drilling Report - HTML Version/15_9_F_15_D_2013_12_31.html,15_9_F_15_D_2013_12_31.html,file,well_data,html,Daily_Drilling_Reports,15/9-F-15D,DDR,20131231,15/9-F-15D|Daily_Drilling_Reports|20131231
f4e71d7a618247f6c0fbc54be3159c19c8c276a5,dbfs:/Volumes/equinor_asa_volve_data_village/public/volve/Well_technical_data/Daily Drilling Report - HTML Version/15_9_F_15_D_2014_01_01.html,15_9_F_15_D_2014_01_01.html,file,well_data,html,Daily_Drilling_Reports,15/9-F-15D,DDR,20140101,15/9-F-15D|Daily_Drilling_Reports|20140101
31d66d78beac34e708e237b0762895ecb9fc3d90,dbfs:/Volumes/equinor_asa_volve_data_village/public/volve/Well_technical_data/Daily Drilling Report - HTML Version/15_9_F_15_D_2014_01_02.html,15_9_F_15_D_2014_01_02.html,file,well_data,html,Daily_Drilling_Reports,15/9-F-15D,DDR,20140102,15/9-F-15D|Daily_Drilling_Reports|20140102
609fef85a7c71d18bf82bea62ac1e6a25a4b51aa,dbfs:/Volumes/equinor_asa_volve_data_village/public/volve/Well_technical_data/Daily Drilling Report - HTML Version/15_9_F_15_D_2014_01_03.html,15_9_F_15_D_2014_01_03.html,file,well_data,html,Daily_Drilling_Reports,15/9-F-15D,DDR,20140103,15/9-F-15D|Daily_Drilling_Reports|20140103
95953c056465d0087eab3454e33dc24a23940496,dbfs:/Volumes/equinor_asa_volve_data_village/public/volve/Well_technical_data/Daily Drilling Report - HTML Version/15_9_F_15_D_2014_01_04.html,15_9_F_15_D_2014_01_04.html,file,well_data,html,Daily_Drilling_Reports,15/9-F-15D,DDR,20140104,15/9-F-15D|Daily_Drilling_Reports|20140104
17c0fbf194e62c52dfca09e94874d3b65e5e0654,dbfs:/Volumes/equinor_asa_volve_data_village/public/volve/Well_technical_data/Daily Drilling Report - HTML Version/15_9_F_15_D_2014_01_05.html,15_9_F_15_D_2014_01_05.html,file,well_data,html,Daily_Drilling_Reports,15/9-F-15D,DDR,20140105,15/9-F-15D|Daily_Drilling_Reports|20140105
8b545fdbee1ec456c4ae86ac4183b74633ffff54,dbfs:/Volumes/equinor_asa_volve_data_village/public/volve/Well_technical_data/Daily Drilling Report - HTML Version/15_9_F_15_D_2014_01_06.html,15_9_F_15_D_2014_01_06.html,file,well_data,html,Daily_Drilling_Reports,15/9-F-15D,DDR,20140106,15/9-F-15D|Daily_Drilling_Reports|20140106
861b0682fe57d84ac4a0c74dd6d9185ca10540a8,dbfs:/Volumes/equinor_asa_volve_data_village/public/volve/Well_technical_data/Daily Drilling Report - HTML Version/15_9_F_15_D_2014_01_07.html,15_9_F_15_D_2014_01_07.html,file,well_data,html,Daily_Drilling_Reports,15/9-F-15D,DDR,20140107,15/9-F-15D|Daily_Drilling_Reports|20140107
7403d2a2c4f5f3b36124ed39fb8330d9f89b7b17,dbfs:/Volumes/equinor_asa_volve_data_village/public/volve/Well_technical_data/Daily Drilling Report - HTML Version/15_9_F_15_D_2014_01_08.html,15_9_F_15_D_2014_01_08.html,file,well_data,html,Daily_Drilling_Reports,15/9-F-15D,DDR,20140108,15/9-F-15D|Daily_Drilling_Reports|20140108
e62724917c912ffc5e12135b07099fbfa771a120,dbfs:/Volumes/equinor_asa_volve_data_village/public/volve/Well_technical_data/Daily Drilling Report - HTML Version/15_9_F_15_D_2014_01_09.html,15_9_F_15_D_2014_01_09.html,file,well_data,html,Daily_Drilling_Reports,15/9-F-15D,DDR,20140109,15/9-F-15D|Daily_Drilling_Reports|20140109
f332dd2df6a763045aaea76ad7703468331c3e58,dbfs:/Volumes/equinor_asa_volve_data_village/public/volve/Well_technical_data/Daily Drilling Report - HTML Version/15_9_F_15_D_2014_01_10.html,15_9_F_15_D_2014_01_10.html,file,well_data,html,Daily_Drilling_Reports,15/9-F-15D,DDR,20140110,15/9-F-15D|Daily_Drilling_Reports|20140110
5560e708452475154f9eaaeee780ee5bd5b9f690,dbfs:/Volumes/equinor_asa_volve_data_village/public/volve/Well_technical_data/Daily Drilling Report - HTML Version/15_9_F_15_D_2014_01_11.html,15_9_F_15_D_2014_01_11.html,file,well_data,html,Daily_Drilling_Reports,15/9-F-15D,DDR,20140111,15/9-F-15D|Daily_Drilling_Reports|20140111
c7833c54f37e103136c0d901cef1c8af8bc32d9a,dbfs:/Volumes/equinor_asa_volve_data_village/public/volve/Well_technical_data/Daily Drilling Report - HTML Version/15_9_F_15_D_2014_01_12.html,15_9_F_15_D_2014_01_12.html,file,well_data,html,Daily_Drilling_Reports,15/9-F-15D,DDR,20140112,15/9-F-15D|Daily_Drilling_Reports|20140112
0c91d63a4e29fb0ca079defb402512c93e1061ef,dbfs:/Volumes/equinor_asa_volve_data_village/public/volve/Well_technical_data/Daily Drilling Report - HTML Version/15_9_F_15_D_2014_01_13.html,15_9_F_15_D_2014_01_13.html,file,well_data,html,Daily_Drilling_Reports,15/9-F-15D,DDR,20140113,15/9-F-15D|Daily_Drilling_Reports|20140113
c66d484963bbd70498c64c461d1cb8fb3385e44d,dbfs:/Volumes/equinor_asa_volve_data_village/public/volve/Well_technical_data/Daily Drilling Report - HTML Version/15_9_F_15_D_2014_01_14.html,15_9_F_15_D_2014_01_14.html,file,well_data,html,Daily_Drilling_Reports,15/9-F-15D,DDR,20140114,15/9-F-15D|Daily_Drilling_Reports|20140114
7c6dcf0cae09432c8db7b5c3c93713ae1104c941,dbfs:/Volumes/equinor_asa_volve_data_village/public/volve/Well_technical_data/Daily Drilling Report - HTML Version/15_9_F_15_D_2014_01_15.html,15_9_F_15_D_2014_01_15.html,file,well_data,html,Daily_Drilling_Reports,15/9-F-15D,DDR,20140115,15/9-F-15D|Daily_Drilling_Reports|20140115
ebf3f93a94e36c6050aa9fd682a46e8a4875e73e,dbfs:/Volumes/equinor_asa_volve_data_village/public/volve/Well_technical_data/Daily Drilling Report - HTML Version/15_9_F_15_D_2014_01_16.html,15_9_F_15_D_2014_01_16.html,file,well_data,html,Daily_Drilling_Reports,15/9-F-15D,DDR,20140116,15/9-F-15D|Daily_Drilling_Reports|20140116
dc1a2183515cca18ea1d3d2a27107f8f56fcb4a0,dbfs:/Volumes/equinor_asa_volve_data_village/public/volve/Well_technical_data/Daily Drilling Report - HTML Version/15_9_F_15_D_2015_08_06.html,15_9_F_15_D_2015_08_06.html,file,well_data,html,Daily_Drilling_Reports,15/9-F-15D,DDR,20150806,15/9-F-15D|Daily_Drilling_Reports|20150806
f4726514885e766e187d38a248107debb0d08439,dbfs:/Volumes/equinor_asa_volve_data_village/public/volve/Well_technical_data/Daily Drilling Report - HTML Version/15_9_F_15_D_2015_08_07.html,15_9_F_15_D_2015_08_07.html,file,well_data,html,Daily_Drilling_Reports,15/9-F-15D,DDR,20150807,15/9-F-15D|Daily_Drilling_Reports|20150807
c3e6dfc0a67fd76541b911016210810aff91de68,dbfs:/Volumes/equinor_asa_volve_data_village/public/volve/Well_technical_data/Daily Drilling Report - HTML Version/15_9_F_15_D_2015_08_08.html,15_9_F_15_D_2015_08_08.html,file,well_data,html,Daily_Drilling_Reports,15/9-F-15D,DDR,20150808,15/9-F-15D|Daily_Drilling_Reports|20150808
9e16a236fa02ee02aab3a54e60e70b6950dae7d8,dbfs:/Volumes/equinor_asa_volve_data_village/public/volve/Well_technical_data/Daily Drilling Report - HTML Version/15_9_F_15_D_2015_08_09.html,15_9_F_15_D_2015_08_09.html,file,well_data,html,Daily_Drilling_Reports,15/9-F-15D,DDR,20150809,15/9-F-15D|Daily_Drilling_Reports|20150809
8147cfa673fc4ef04db93f6b6e2b1ceae85f61c1,dbfs:/Volumes/equinor_asa_volve_data_village/public/volve/Well_technical_data/Daily Drilling Report - HTML Version/15_9_F_15_D_2015_08_10.html,15_9_F_15_D_2015_08_10.html,file,well_data,html,Daily_Drilling_Reports,15/9-F-15D,DDR,20150810,15/9-F-15D|Daily_Drilling_Reports|20150810
5f7a942bd35f5883b3036446986b14895377de60,dbfs:/Volumes/equinor_asa_volve_data_village/public/volve/Well_technical_data/Daily Drilling Report - HTML Version/15_9_F_15_D_2015_08_11.html,15_9_F_15_D_2015_08_11.html,file,well_data,html,Daily_Drilling_Reports,15/9-F-15D,DDR,20150811,15/9-F-15D|Daily_Drilling_Reports|20150811
afed653490999d1ad409dded46efadd05ed2b3cd,dbfs:/Volumes/equinor_asa_volve_data_village/public/volve/Well_technical_data/Daily Drilling Report - HTML Version/15_9_F_15_D_2015_08_12.html,15_9_F_15_D_2015_08_12.html,file,well_data,html,Daily_Drilling_Reports,15/9-F-15D,DDR,20150812,15/9-F-15D|Daily_Drilling_Reports|20150812
796798d3150b95c3df33984d809220e972d50eb8,dbfs:/Volumes/equinor_asa_volve_data_village/public/volve/Well_technical_data/Daily Drilling Report - HTML Version/15_9_F_15_D_2015_08_13.html,15_9_F_15_D_2015_08_13.html,file,well_data,html,Daily_Drilling_Reports,15/9-F-15D,DDR,20150813,15/9-F-15D|Daily_Drilling_Reports|20150813
704bd5bc39e57b02b8b114b630af174903dccac5,dbfs:/Volumes/equinor_asa_volve_data_village/public/volve/Well_technical_data/Daily Drilling Report - HTML Version/15_9_F_15_D_2015_08_14.html,15_9_F_15_D_2015_08_14.html,file,well_data,html,Daily_Drilling_Reports,15/9-F-15D,DDR,20150814,15/9-F-15D|Daily_Drilling_Reports|20150814
0edcbfd31cfc92165e8811cdd647907b62eeaff9,dbfs:/Volumes/equinor_asa_volve_data_village/public/volve/Well_technical_data/Daily Drilling Report - HTML Version/15_9_F_15_D_2015_08_15.html,15_9_F_15_D_2015_08_15.html,file,well_data,html,Daily_Drilling_Reports,15/9-F-15D,DDR,20150815,15/9-F-15D|Daily_Drilling_Reports|20150815
2e61cc6bc2f689c8bd21ccd7e65393d4b16936e5,dbfs:/Volumes/equinor_asa_volve_data_village/public/volve/Well_technical_data/Daily Drilling Report - HTML Version/15_9_F_15_D_2015_08_16.html,15_9_F_15_D_2015_08_16.html,file,well_data,html,Daily_Drilling_Reports,15/9-F-15D,DDR,20150816,15/9-F-15D|Daily_Drilling_Reports|20150816
f4db91819e8ff9420e9c7ae8d550a8df40ae41b0,dbfs:/Volumes/equinor_asa_volve_data_village/public/volve/Well_technical_data/Daily Drilling Report - HTML Version/15_9_F_15_D_2015_08_17.html,15_9_F_15_D_2015_08_17.html,file,well_data,html,Daily_Drilling_Reports,15/9-F-15D,DDR,20150817,15/9-F-15D|Daily_Drilling_Reports|20150817
b17e32aa4b0842c3705b41ec229f003e6d0eec1d,dbfs:/Volumes/equinor_asa_volve_data_village/public/volve/Well_technical_data/Daily Drilling Report - HTML Version/15_9_F_15_D_2016_07_09.html,15_9_F_15_D_2016_07_09.html,file,well_data,html,Daily_Drilling_Reports,15/9-F-15D,DDR,20160709,15/9-F-15D|Daily_Drilling_Reports|20160709
caf59d991c777334bc74092d3a92749209524741,dbfs:/Volumes/equinor_asa_volve_data_village/public/volve/Well_technical_data/Daily Drilling Report - HTML Version/15_9_F_15_D_2016_07_10.html,15_9_F_15_D_2016_07_10.html,file,well_data,html,Daily_Drilling_Reports,15/9-F-15D,DDR,20160710,15/9-F-15D|Daily_Drilling_Reports|20160710
e9db8b8c8afb5299fb84244773f1f73cd6b01e8d,dbfs:/Volumes/equinor_asa_volve_data_village/public/volve/Well_technical_data/Daily Drilling Report - HTML Version/15_9_F_15_D_2016_07_11.html,15_9_F_15_D_2016_07_11.html,file,well_data,html,Daily_Drilling_Reports,15/9-F-15D,DDR,20160711,15/9-F-15D|Daily_Drilling_Reports|20160711
b6cc99e3d316e715b983da3c528c12ee8080f572,dbfs:/Volumes/equinor_asa_volve_data_village/public/volve/Well_technical_data/Daily Drilling Report - HTML Version/15_9_F_15_D_2016_07_12.html,15_9_F_15_D_2016_07_12.html,file,well_data,html,Daily_Drilling_Reports,15/9-F-15D,DDR,20160712,15/9-F-15D|Daily_Drilling_Reports|20160712
364a7c4f9d191c7053d5b04a2ac53edc122704d8,dbfs:/Volumes/equinor_asa_volve_data_village/public/volve/Well_technical_data/Daily Drilling Report - HTML Version/15_9_F_15_D_2016_07_13.html,15_9_F_15_D_2016_07_13.html,file,well_data,html,Daily_Drilling_Reports,15/9-F-15D,DDR,20160713,15/9-F-15D|Daily_Drilling_Reports|20160713
5232563bcc127234301bd706ef4e28cc95988636,dbfs:/Volumes/equinor_asa_volve_data_village/public/volve/Well_technical_data/Daily Drilling Report - HTML Version/15_9_F_15_D_2016_07_14.html,15_9_F_15_D_2016_07_14.html,file,well_data,html,Daily_Drilling_Reports,15/9-F-15D,DDR,20160714,15/9-F-15D|Daily_Drilling_Reports|20160714
b98317037c3bb03413d5a412546da1763555a6f4,dbfs:/Volumes/equinor_asa_volve_data_village/public/volve/Well_technical_data/Daily Drilling Report - HTML Version/15_9_F_15_D_2016_07_15.html,15_9_F_15_D_2016_07_15.html,file,well_data,html,Daily_Drilling_Reports,15/9-F-15D,DDR,20160715,15/9-F-15D|Daily_Drilling_Reports|20160715
fd4fa4a0554b5bb84650ad8f9c7fa665b31da42d,dbfs:/Volumes/equinor_asa_volve_data_village/public/volve/Well_technical_data/Daily Drilling Report - HTML Version/15_9_F_15_D_2016_07_16.html,15_9_F_15_D_2016_07_16.html,file,well_data,html,Daily_Drilling_Reports,15/9-F-15D,DDR,20160716,15/9-F-15D|Daily_Drilling_Reports|20160716
8a18c575dbc01782c81897b7245c61bf29b3a67e,dbfs:/Volumes/equinor_asa_volve_data_village/public/volve/Well_technical_data/Daily Drilling Report - HTML Version/15_9_F_15_D_2016_07_17.html,15_9_F_15_D_2016_07_17.html,file,well_data,html,Daily_Drilling_Reports,15/9-F-15D,DDR,20160717,15/9-F-15D|Daily_Drilling_Reports|20160717
f199519108a630761b8fd1bbfc60fa3c29ac772f,dbfs:/Volumes/equinor_asa_volve_data_village/public/volve/Well_technical_data/Daily Drilling Report - HTML Version/15_9_F_15_D_2016_07_18.html,15_9_F_15_D_2016_07_18.html,file,well_data,html,Daily_Drilling_Reports,15/9-F-15D,DDR,20160718,15/9-F-15D|Daily_Drilling_Reports|20160718
332a0ee98caf6910002f12454e51b8b8347b0d19,dbfs:/Volumes/equinor_asa_volve_data_village/public/volve/Well_technical_data/Daily Drilling Report - HTML Version/15_9_F_15_D_2016_07_19.html,15_9_F_15_D_2016_07_19.html,file,well_data,html,Daily_Drilling_Reports,15/9-F-15D,DDR,20160719,15/9-F-15D|Daily_Drilling_Reports|20160719
e84dd95603e7c1eee88774bca676d5d6463d76ce,dbfs:/Volumes/equinor_asa_volve_data_village/public/volve/Well_technical_data/Daily Drilling Report - HTML Version/15_9_F_15_D_2016_07_20.html,15_9_F_15_D_2016_07_20.html,file,well_data,html,Daily_Drilling_Reports,15/9-F-15D,DDR,20160720,15/9-F-15D|Daily_Drilling_Reports|20160720
fd93c4f74cc3608b41b12d5c7f39a181bc16d0ee,dbfs:/Volumes/equinor_asa_volve_data_village/public/volve/Well_technical_data/Daily Drilling Report - HTML Version/15_9_F_15_D_2016_07_21.html,15_9_F_15_D_2016_07_21.html,file,well_data,html,Daily_Drilling_Reports,15/9-F-15D,DDR,20160721,15/9-F-15D|Daily_Drilling_Reports|20160721
76261a690938bfc0c7ef177da14285f39e57f4b5,dbfs:/Volumes/equinor_asa_volve_data_village/public/volve/Well_technical_data/Daily Drilling Report - HTML Version/15_9_F_15_D_2016_07_22.html,15_9_F_15_D_2016_07_22.html,file,well_data,html,Daily_Drilling_Reports,15/9-F-15D,DDR,20160722,15/9-F-15D|Daily_Drilling_Reports|20160722
e433c3bf892e0572cee5aa0197c92ff0789cb49d,dbfs:/Volumes/equinor_asa_volve_data_village/public/volve/Well_technical_data/Daily Drilling Report - HTML Version/15_9_F_15_D_2016_07_23.html,15_9_F_15_D_2016_07_23.html,file,well_data,html,Daily_Drilling_Reports,15/9-F-15D,DDR,20160723,15/9-F-15D|Daily_Drilling_Reports|20160723
e6eac338f393f04c8486ae0bc4c78672affed142,dbfs:/Volumes/equinor_asa_volve_data_village/public/volve/Well_technical_data/Daily Drilling Report - HTML Version/15_9_F_15_D_2016_07_24.html,15_9_F_15_D_2016_07_24.html,file,well_data,html,Daily_Drilling_Reports,15/9-F-15D,DDR,20160724,15/9-F-15D|Daily_Drilling_Reports|20160724
a23c035a31ae43d7d7c6cea94b7f8c3d02bb536d,dbfs:/Volumes/equinor_asa_volve_data_village/public/volve/Well_technical_data/Daily Drilling Report - HTML Version/15_9_F_15_D_2016_07_25.html,15_9_F_15_D_2016_07_25.html,file,well_data,html,Daily_Drilling_Reports,15/9-F-15D,DDR,20160725,15/9-F-15D|Daily_Drilling_Reports|20160725
08c3f1e7531482d9d3dc191d986b710ed5f45eec,dbfs:/Volumes/equinor_asa_volve_data_village/public/volve/Well_technical_data/Daily Drilling Report - HTML Version/15_9_F_15_D_2016_07_26.html,15_9_F_15_D_2016_07_26.html,file,well_data,html,Daily_Drilling_Reports,15/9-F-15D,DDR,20160726,15/9-F-15D|Daily_Drilling_Reports|20160726
4f014a01de3b689426c28fd950b91e09bcd93a5f,dbfs:/Volumes/equinor_asa_volve_data_village/public/volve/Well_technical_data/Daily Drilling Report - HTML Version/15_9_F_15_D_2016_07_27.html,15_9_F_15_D_2016_07_27.html,file,well_data,html,Daily_Drilling_Reports,15/9-F-15D,DDR,20160727,15/9-F-15D|Daily_Drilling_Reports|20160727
22b7a6f87851cea3aec4b73b177ee342dc82c36f,dbfs:/Volumes/equinor_asa_volve_data_village/public/volve/Well_technical_data/Daily Drilling Report - HTML Version/15_9_F_15_D_2016_07_28.html,15_9_F_15_D_2016_07_28.html,file,well_data,html,Daily_Drilling_Reports,15/9-F-15D,DDR,20160728,15/9-F-15D|Daily_Drilling_Reports|20160728
5b283ae8a0368837503c8ba3be97a59e76a70831,dbfs:/Volumes/equinor_asa_volve_data_village/public/volve/Well_technical_data/Daily Drilling Report - HTML Version/15_9_F_15_D_2016_07_29.html,15_9_F_15_D_2016_07_29.html,file,well_data,html,Daily_Drilling_Reports,15/9-F-15D,DDR,20160729,15/9-F-15D|Daily_Drilling_Reports|20160729
22c055b79059d3e29c7c1c4c64610d086fc26c66,dbfs:/Volumes/equinor_asa_volve_data_village/public/volve/Well_technical_data/Daily Drilling Report - HTML Version/15_9_F_15_D_2016_09_16.html,15_9_F_15_D_2016_09_16.html,file,well_data,html,Daily_Drilling_Reports,15/9-F-15D,DDR,20160916,15/9-F-15D|Daily_Drilling_Reports|20160916
495af74690989fe92e5a8da353e4fb79ee92c005,dbfs:/Volumes/equinor_asa_volve_data_village/public/volve/Well_technical_data/Daily Drilling Report - HTML Version/15_9_F_15_D_2016_09_17.html,15_9_F_15_D_2016_09_17.html,file,well_data,html,Daily_Drilling_Reports,15/9-F-15D,DDR,20160917,15/9-F-15D|Daily_Drilling_Reports|20160917
28cdd804ee74d91fdbd494479299fdd92634885d,dbfs:/Volumes/equinor_asa_volve_data_village/public/volve/Well_technical_data/Daily Drilling Report - HTML Version/15_9_F_15_D_2016_10_18.html,15_9_F_15_D_2016_10_18.html,file,well_data,html,Daily_Drilling_Reports,15/9-F-15D,DDR,20161018,15/9-F-15D|Daily_Drilling_Reports|20161018
2fbfc6390b8f28393235cc057a7bd55a58185d4f,dbfs:/Volumes/equinor_asa_volve_data_village/public/volve/Well_technical_data/Daily Drilling Report - HTML Version/15_9_F_15_D_2016_10_19.html,15_9_F_15_D_2016_10_19.html,file,well_data,html,Daily_Drilling_Reports,15/9-F-15D,DDR,20161019,15/9-F-15D|Daily_Drilling_Reports|20161019
